Reference,Pin,Pin_name,Net,Sheet
J100,1,P4_3V3_SENSE,P4_3V3_SENSE,01_p4
J100,2,P4_5V,P4_5V,01_p4
J100,3,P4_3V3_TEST,P4_3V3_TEST,01_p4
J100,4,P4_5V,P4_5V,01_p4
J100,5,GND,GND,01_p4
J100,6,GND,GND,01_p4
J100,7,P4_TX1,P4_TX1,01_p4
J100,8,P4_RX3,P4_RX3,01_p4
J100,9,P4_RX1,P4_RX1,01_p4
J100,10,CAM_GLOBAL_EN,CAM_GLOBAL_EN,01_p4
J100,11,P4_TX2,P4_TX2,01_p4
J100,12,P4_TX4,P4_TX4,01_p4
J100,13,P4_RX2,P4_RX2,01_p4
J100,14,P4_RX4,P4_RX4,01_p4
J100,15,NC,NC,01_p4
J100,16,GND,GND,01_p4
J100,17,P4_TX3,P4_TX3,01_p4
J100,18,C6_3V3_TEST,C6_3V3_TEST,01_p4
J100,19,SYNC_MASTER,SYNC_MASTER,01_p4
J100,20,C6_RX_SERVICE,C6_RX_SERVICE,01_p4
J100,21,SHUTTER_N,SHUTTER_N,01_p4
J100,22,C6_TX_SERVICE,C6_TX_SERVICE,01_p4
J100,23,P4_SDA,P4_SDA,01_p4
J100,24,C6_BOOT_SERVICE,C6_BOOT_SERVICE,01_p4
J100,25,P4_SCL,P4_SCL,01_p4
J100,26,C6_EN_SERVICE,C6_EN_SERVICE,01_p4
J101,1,GND,GND,01_p4
J101,2,C6_3V3_TEST,C6_3V3_TEST,01_p4
J101,3,C6_RX_SERVICE,C6_RX_SERVICE,01_p4
J101,4,C6_TX_SERVICE,C6_TX_SERVICE,01_p4
J101,5,C6_BOOT_SERVICE,C6_BOOT_SERVICE,01_p4
J101,6,C6_EN_SERVICE,C6_EN_SERVICE,01_p4
U100,1,VCCA,MB_3V3,01_p4
U100,2,SCLA,P4_SCL,01_p4
U100,3,SDAA,P4_SDA,01_p4
U100,4,GND,GND,01_p4
U100,5,EN,P4_BUS_EN,01_p4
U100,6,SDAB,I2C_SDA,01_p4
U100,7,SCLB,I2C_SCL,01_p4
U100,8,VCCB,MB_3V3,01_p4
R100,1,1,P4_3V3_SENSE,01_p4
R100,2,2,P4_BUS_EN,01_p4
R101,1,1,P4_BUS_EN,01_p4
R101,2,2,GND,01_p4
R102,1,1,I2C_SDA,01_p4
R102,2,2,MB_3V3,01_p4
R103,1,1,I2C_SCL,01_p4
R103,2,2,MB_3V3,01_p4
C100,1,1,MB_3V3,01_p4
C100,2,2,GND,01_p4
R104,1,1,CAM_GLOBAL_EN,01_p4
R104,2,2,GND,01_p4
J102,1,GND,GND,01_p4
J102,2,AUX_3V3,AUX_3V3,01_p4
J102,3,I2C_SDA,I2C_SDA,01_p4
J102,4,I2C_SCL,I2C_SCL,01_p4
F100,1,1,MB_3V3,01_p4
F100,2,2,AUX_3V3,01_p4
TP100,1,P4_3V3_TEST,P4_3V3_TEST,01_p4
TP101,1,SYNC_MASTER,SYNC_MASTER,01_p4
TP102,1,P4_5V,P4_5V,01_p4
J200,1,CAM1_D0,CAM1_D0,02_camera1
J200,2,CAM1_SYNC,CAM1_SYNC,02_camera1
J200,3,CAM1_D2_STRAP,CAM1_D2_STRAP,02_camera1
J200,4,CAM1_D3,CAM1_D3,02_camera1
J200,5,CAM1_D4,CAM1_D4,02_camera1
J200,6,CAM1_D5,CAM1_D5,02_camera1
J200,7,CAM1_TX,CAM1_TX,02_camera1
J200,8,CAM1_RX,CAM1_RX,02_camera1
J200,9,CAM1_D8_SD,CAM1_D8_SD,02_camera1
J200,10,CAM1_D9_SD,CAM1_D9_SD,02_camera1
J200,11,CAM1_D10_SD,CAM1_D10_SD,02_camera1
J200,12,CAM1_3V3,CAM1_3V3,02_camera1
J200,13,GND,GND,02_camera1
J200,14,CAM1_5V,CAM1_5V,02_camera1
J201,1,GND,GND,02_camera1
J201,2,CAM1_3V3,CAM1_3V3,02_camera1
J201,3,CAM1_D0,CAM1_D0,02_camera1
J201,4,CAM1_D2_STRAP,CAM1_D2_STRAP,02_camera1
J201,5,CAM1_D3,CAM1_D3,02_camera1
J201,6,CAM1_D4,CAM1_D4,02_camera1
J201,7,CAM1_D5,CAM1_D5,02_camera1
J201,8,CAM1_D8_SD,CAM1_D8_SD,02_camera1
J201,9,CAM1_D9_SD,CAM1_D9_SD,02_camera1
J201,10,CAM1_D10_SD,CAM1_D10_SD,02_camera1
JP200,1,1,CAM1_5V_ISO,02_camera1
JP200,2,2,CAM1_5V,02_camera1
U200,1,VCCA,MB_3V3,02_camera1
U200,2,A1,P4_TX1,02_camera1
U200,3,A2,SYNC_MASTER,02_camera1
U200,4,A3,GND,02_camera1
U200,5,A4Y,CAM1_RX_RETURN,02_camera1
U200,6,NC,NC,02_camera1
U200,7,GND,GND,02_camera1
U200,8,OE,P4_BUS_EN,02_camera1
U200,9,NC,NC,02_camera1
U200,10,B4,CAM1_TX,02_camera1
U200,11,B3Y,NC,02_camera1
U200,12,B2Y,CAM1_SYNC_BUF,02_camera1
U200,13,B1Y,CAM1_RX_BUF,02_camera1
U200,14,VCCB,CAM1_3V3,02_camera1
R200,1,1,CAM1_RX_BUF,02_camera1
R200,2,2,CAM1_RX,02_camera1
R201,1,1,CAM1_SYNC_BUF,02_camera1
R201,2,2,CAM1_SYNC,02_camera1
R202,1,1,CAM1_RX_RETURN,02_camera1
R202,2,2,P4_RX1,02_camera1
C200,1,1,MB_3V3,02_camera1
C200,2,2,GND,02_camera1
C201,1,1,CAM1_3V3,02_camera1
C201,2,2,GND,02_camera1
U201,1,IN,CAM1_SHUNT_OUT,02_camera1
U201,2,GND,GND,02_camera1
U201,3,EN,CAM1_EN,02_camera1
U201,4,FAULT_N,CAM1_FAULT_N,02_camera1
U201,5,ILIM,CAM1_ILIM,02_camera1
U201,6,OUT,CAM1_SW5V,02_camera1
R203,1,1,CAM1_ILIM,02_camera1
R203,2,2,GND,02_camera1
R204,1,1,CAM1_FAULT_N,02_camera1
R204,2,2,MB_3V3,02_camera1
R205,1,1,CAM1_EN,02_camera1
R205,2,2,GND,02_camera1
RS200,1,1,SYS_5V,02_camera1
RS200,2,2,CAM1_SHUNT_OUT,02_camera1
D200,1,K,CAM1_5V_ISO,02_camera1
D200,2,A,CAM1_SW5V,02_camera1
C202,1,1,CAM1_SHUNT_OUT,02_camera1
C202,2,2,GND,02_camera1
C203,1,1,CAM1_5V,02_camera1
C203,2,2,GND,02_camera1
C204,1,1,CAM1_5V,02_camera1
C204,2,2,GND,02_camera1
TP200,1,CAM1_5V,CAM1_5V,02_camera1
TP201,1,CAM1_SYNC,CAM1_SYNC,02_camera1
J300,1,CAM2_D0,CAM2_D0,03_camera2
J300,2,CAM2_SYNC,CAM2_SYNC,03_camera2
J300,3,CAM2_D2_STRAP,CAM2_D2_STRAP,03_camera2
J300,4,CAM2_D3,CAM2_D3,03_camera2
J300,5,CAM2_D4,CAM2_D4,03_camera2
J300,6,CAM2_D5,CAM2_D5,03_camera2
J300,7,CAM2_TX,CAM2_TX,03_camera2
J300,8,CAM2_RX,CAM2_RX,03_camera2
J300,9,CAM2_D8_SD,CAM2_D8_SD,03_camera2
J300,10,CAM2_D9_SD,CAM2_D9_SD,03_camera2
J300,11,CAM2_D10_SD,CAM2_D10_SD,03_camera2
J300,12,CAM2_3V3,CAM2_3V3,03_camera2
J300,13,GND,GND,03_camera2
J300,14,CAM2_5V,CAM2_5V,03_camera2
J301,1,GND,GND,03_camera2
J301,2,CAM2_3V3,CAM2_3V3,03_camera2
J301,3,CAM2_D0,CAM2_D0,03_camera2
J301,4,CAM2_D2_STRAP,CAM2_D2_STRAP,03_camera2
J301,5,CAM2_D3,CAM2_D3,03_camera2
J301,6,CAM2_D4,CAM2_D4,03_camera2
J301,7,CAM2_D5,CAM2_D5,03_camera2
J301,8,CAM2_D8_SD,CAM2_D8_SD,03_camera2
J301,9,CAM2_D9_SD,CAM2_D9_SD,03_camera2
J301,10,CAM2_D10_SD,CAM2_D10_SD,03_camera2
JP300,1,1,CAM2_5V_ISO,03_camera2
JP300,2,2,CAM2_5V,03_camera2
U300,1,VCCA,MB_3V3,03_camera2
U300,2,A1,P4_TX2,03_camera2
U300,3,A2,SYNC_MASTER,03_camera2
U300,4,A3,GND,03_camera2
U300,5,A4Y,CAM2_RX_RETURN,03_camera2
U300,6,NC,NC,03_camera2
U300,7,GND,GND,03_camera2
U300,8,OE,P4_BUS_EN,03_camera2
U300,9,NC,NC,03_camera2
U300,10,B4,CAM2_TX,03_camera2
U300,11,B3Y,NC,03_camera2
U300,12,B2Y,CAM2_SYNC_BUF,03_camera2
U300,13,B1Y,CAM2_RX_BUF,03_camera2
U300,14,VCCB,CAM2_3V3,03_camera2
R300,1,1,CAM2_RX_BUF,03_camera2
R300,2,2,CAM2_RX,03_camera2
R301,1,1,CAM2_SYNC_BUF,03_camera2
R301,2,2,CAM2_SYNC,03_camera2
R302,1,1,CAM2_RX_RETURN,03_camera2
R302,2,2,P4_RX2,03_camera2
C300,1,1,MB_3V3,03_camera2
C300,2,2,GND,03_camera2
C301,1,1,CAM2_3V3,03_camera2
C301,2,2,GND,03_camera2
U301,1,IN,CAM2_SHUNT_OUT,03_camera2
U301,2,GND,GND,03_camera2
U301,3,EN,CAM2_EN,03_camera2
U301,4,FAULT_N,CAM2_FAULT_N,03_camera2
U301,5,ILIM,CAM2_ILIM,03_camera2
U301,6,OUT,CAM2_SW5V,03_camera2
R303,1,1,CAM2_ILIM,03_camera2
R303,2,2,GND,03_camera2
R304,1,1,CAM2_FAULT_N,03_camera2
R304,2,2,MB_3V3,03_camera2
R305,1,1,CAM2_EN,03_camera2
R305,2,2,GND,03_camera2
RS300,1,1,SYS_5V,03_camera2
RS300,2,2,CAM2_SHUNT_OUT,03_camera2
D300,1,K,CAM2_5V_ISO,03_camera2
D300,2,A,CAM2_SW5V,03_camera2
C302,1,1,CAM2_SHUNT_OUT,03_camera2
C302,2,2,GND,03_camera2
C303,1,1,CAM2_5V,03_camera2
C303,2,2,GND,03_camera2
C304,1,1,CAM2_5V,03_camera2
C304,2,2,GND,03_camera2
TP300,1,CAM2_5V,CAM2_5V,03_camera2
TP301,1,CAM2_SYNC,CAM2_SYNC,03_camera2
J400,1,CAM3_D0,CAM3_D0,04_camera3
J400,2,CAM3_SYNC,CAM3_SYNC,04_camera3
J400,3,CAM3_D2_STRAP,CAM3_D2_STRAP,04_camera3
J400,4,CAM3_D3,CAM3_D3,04_camera3
J400,5,CAM3_D4,CAM3_D4,04_camera3
J400,6,CAM3_D5,CAM3_D5,04_camera3
J400,7,CAM3_TX,CAM3_TX,04_camera3
J400,8,CAM3_RX,CAM3_RX,04_camera3
J400,9,CAM3_D8_SD,CAM3_D8_SD,04_camera3
J400,10,CAM3_D9_SD,CAM3_D9_SD,04_camera3
J400,11,CAM3_D10_SD,CAM3_D10_SD,04_camera3
J400,12,CAM3_3V3,CAM3_3V3,04_camera3
J400,13,GND,GND,04_camera3
J400,14,CAM3_5V,CAM3_5V,04_camera3
J401,1,GND,GND,04_camera3
J401,2,CAM3_3V3,CAM3_3V3,04_camera3
J401,3,CAM3_D0,CAM3_D0,04_camera3
J401,4,CAM3_D2_STRAP,CAM3_D2_STRAP,04_camera3
J401,5,CAM3_D3,CAM3_D3,04_camera3
J401,6,CAM3_D4,CAM3_D4,04_camera3
J401,7,CAM3_D5,CAM3_D5,04_camera3
J401,8,CAM3_D8_SD,CAM3_D8_SD,04_camera3
J401,9,CAM3_D9_SD,CAM3_D9_SD,04_camera3
J401,10,CAM3_D10_SD,CAM3_D10_SD,04_camera3
JP400,1,1,CAM3_5V_ISO,04_camera3
JP400,2,2,CAM3_5V,04_camera3
U400,1,VCCA,MB_3V3,04_camera3
U400,2,A1,P4_TX3,04_camera3
U400,3,A2,SYNC_MASTER,04_camera3
U400,4,A3,GND,04_camera3
U400,5,A4Y,CAM3_RX_RETURN,04_camera3
U400,6,NC,NC,04_camera3
U400,7,GND,GND,04_camera3
U400,8,OE,P4_BUS_EN,04_camera3
U400,9,NC,NC,04_camera3
U400,10,B4,CAM3_TX,04_camera3
U400,11,B3Y,NC,04_camera3
U400,12,B2Y,CAM3_SYNC_BUF,04_camera3
U400,13,B1Y,CAM3_RX_BUF,04_camera3
U400,14,VCCB,CAM3_3V3,04_camera3
R400,1,1,CAM3_RX_BUF,04_camera3
R400,2,2,CAM3_RX,04_camera3
R401,1,1,CAM3_SYNC_BUF,04_camera3
R401,2,2,CAM3_SYNC,04_camera3
R402,1,1,CAM3_RX_RETURN,04_camera3
R402,2,2,P4_RX3,04_camera3
C400,1,1,MB_3V3,04_camera3
C400,2,2,GND,04_camera3
C401,1,1,CAM3_3V3,04_camera3
C401,2,2,GND,04_camera3
U401,1,IN,CAM3_SHUNT_OUT,04_camera3
U401,2,GND,GND,04_camera3
U401,3,EN,CAM3_EN,04_camera3
U401,4,FAULT_N,CAM3_FAULT_N,04_camera3
U401,5,ILIM,CAM3_ILIM,04_camera3
U401,6,OUT,CAM3_SW5V,04_camera3
R403,1,1,CAM3_ILIM,04_camera3
R403,2,2,GND,04_camera3
R404,1,1,CAM3_FAULT_N,04_camera3
R404,2,2,MB_3V3,04_camera3
R405,1,1,CAM3_EN,04_camera3
R405,2,2,GND,04_camera3
RS400,1,1,SYS_5V,04_camera3
RS400,2,2,CAM3_SHUNT_OUT,04_camera3
D400,1,K,CAM3_5V_ISO,04_camera3
D400,2,A,CAM3_SW5V,04_camera3
C402,1,1,CAM3_SHUNT_OUT,04_camera3
C402,2,2,GND,04_camera3
C403,1,1,CAM3_5V,04_camera3
C403,2,2,GND,04_camera3
C404,1,1,CAM3_5V,04_camera3
C404,2,2,GND,04_camera3
TP400,1,CAM3_5V,CAM3_5V,04_camera3
TP401,1,CAM3_SYNC,CAM3_SYNC,04_camera3
J500,1,CAM4_D0,CAM4_D0,05_camera4
J500,2,CAM4_SYNC,CAM4_SYNC,05_camera4
J500,3,CAM4_D2_STRAP,CAM4_D2_STRAP,05_camera4
J500,4,CAM4_D3,CAM4_D3,05_camera4
J500,5,CAM4_D4,CAM4_D4,05_camera4
J500,6,CAM4_D5,CAM4_D5,05_camera4
J500,7,CAM4_TX,CAM4_TX,05_camera4
J500,8,CAM4_RX,CAM4_RX,05_camera4
J500,9,CAM4_D8_SD,CAM4_D8_SD,05_camera4
J500,10,CAM4_D9_SD,CAM4_D9_SD,05_camera4
J500,11,CAM4_D10_SD,CAM4_D10_SD,05_camera4
J500,12,CAM4_3V3,CAM4_3V3,05_camera4
J500,13,GND,GND,05_camera4
J500,14,CAM4_5V,CAM4_5V,05_camera4
J501,1,GND,GND,05_camera4
J501,2,CAM4_3V3,CAM4_3V3,05_camera4
J501,3,CAM4_D0,CAM4_D0,05_camera4
J501,4,CAM4_D2_STRAP,CAM4_D2_STRAP,05_camera4
J501,5,CAM4_D3,CAM4_D3,05_camera4
J501,6,CAM4_D4,CAM4_D4,05_camera4
J501,7,CAM4_D5,CAM4_D5,05_camera4
J501,8,CAM4_D8_SD,CAM4_D8_SD,05_camera4
J501,9,CAM4_D9_SD,CAM4_D9_SD,05_camera4
J501,10,CAM4_D10_SD,CAM4_D10_SD,05_camera4
JP500,1,1,CAM4_5V_ISO,05_camera4
JP500,2,2,CAM4_5V,05_camera4
U500,1,VCCA,MB_3V3,05_camera4
U500,2,A1,P4_TX4,05_camera4
U500,3,A2,SYNC_MASTER,05_camera4
U500,4,A3,GND,05_camera4
U500,5,A4Y,CAM4_RX_RETURN,05_camera4
U500,6,NC,NC,05_camera4
U500,7,GND,GND,05_camera4
U500,8,OE,P4_BUS_EN,05_camera4
U500,9,NC,NC,05_camera4
U500,10,B4,CAM4_TX,05_camera4
U500,11,B3Y,NC,05_camera4
U500,12,B2Y,CAM4_SYNC_BUF,05_camera4
U500,13,B1Y,CAM4_RX_BUF,05_camera4
U500,14,VCCB,CAM4_3V3,05_camera4
R500,1,1,CAM4_RX_BUF,05_camera4
R500,2,2,CAM4_RX,05_camera4
R501,1,1,CAM4_SYNC_BUF,05_camera4
R501,2,2,CAM4_SYNC,05_camera4
R502,1,1,CAM4_RX_RETURN,05_camera4
R502,2,2,P4_RX4,05_camera4
C500,1,1,MB_3V3,05_camera4
C500,2,2,GND,05_camera4
C501,1,1,CAM4_3V3,05_camera4
C501,2,2,GND,05_camera4
U501,1,IN,CAM4_SHUNT_OUT,05_camera4
U501,2,GND,GND,05_camera4
U501,3,EN,CAM4_EN,05_camera4
U501,4,FAULT_N,CAM4_FAULT_N,05_camera4
U501,5,ILIM,CAM4_ILIM,05_camera4
U501,6,OUT,CAM4_SW5V,05_camera4
R503,1,1,CAM4_ILIM,05_camera4
R503,2,2,GND,05_camera4
R504,1,1,CAM4_FAULT_N,05_camera4
R504,2,2,MB_3V3,05_camera4
R505,1,1,CAM4_EN,05_camera4
R505,2,2,GND,05_camera4
RS500,1,1,SYS_5V,05_camera4
RS500,2,2,CAM4_SHUNT_OUT,05_camera4
D500,1,K,CAM4_5V_ISO,05_camera4
D500,2,A,CAM4_SW5V,05_camera4
C502,1,1,CAM4_SHUNT_OUT,05_camera4
C502,2,2,GND,05_camera4
C503,1,1,CAM4_5V,05_camera4
C503,2,2,GND,05_camera4
C504,1,1,CAM4_5V,05_camera4
C504,2,2,GND,05_camera4
TP500,1,CAM4_5V,CAM4_5V,05_camera4
TP501,1,CAM4_SYNC,CAM4_SYNC,05_camera4
U600,1,~{INT},NC,06_control
U600,2,A1,GND,06_control
U600,3,~{RESET},EXP_RESET_N,06_control
U600,4,IO0_0,CAM1_REQ,06_control
U600,5,IO0_1,CAM2_REQ,06_control
U600,6,IO0_2,CAM3_REQ,06_control
U600,7,IO0_3,CAM4_REQ,06_control
U600,8,IO0_4,CAM1_FAULT_N,06_control
U600,9,IO0_5,CAM2_FAULT_N,06_control
U600,10,IO0_6,CAM3_FAULT_N,06_control
U600,11,IO0_7,CAM4_FAULT_N,06_control
U600,12,V_{SS},GND,06_control
U600,13,IO1_0,COVER_N,06_control
U600,14,IO1_1,POWER_INT_N,06_control
U600,15,IO1_2,SOFT_KILL,06_control
U600,16,IO1_3,FN_N,06_control
U600,17,IO1_4,IMU_INT,06_control
U600,18,IO1_5,RTC_INT_N,06_control
U600,19,IO1_6,HAPTIC_EN,06_control
U600,20,IO1_7,CHARGE_STAT_N,06_control
U600,21,A0,GND,06_control
U600,22,SCL,I2C_SCL,06_control
U600,23,SDA,I2C_SDA,06_control
U600,24,V_{DD},MB_3V3,06_control
R600,1,1,EXP_RESET_N,06_control
R600,2,2,MB_3V3,06_control
C600,1,1,EXP_RESET_N,06_control
C600,2,2,GND,06_control
C601,1,1,MB_3V3,06_control
C601,2,2,GND,06_control
U601,1,PIN1,CAM_GLOBAL_EN,06_control
U601,2,PIN2,CAM1_REQ,06_control
U601,3,PIN3,CAM1_EN,06_control
U601,4,PIN4,CAM_GLOBAL_EN,06_control
U601,5,PIN5,CAM2_REQ,06_control
U601,6,PIN6,CAM2_EN,06_control
U601,7,GND,GND,06_control
U601,8,PIN8,CAM3_EN,06_control
U601,9,PIN9,CAM_GLOBAL_EN,06_control
U601,10,PIN10,CAM3_REQ,06_control
U601,11,PIN11,CAM4_EN,06_control
U601,12,PIN12,CAM_GLOBAL_EN,06_control
U601,13,PIN13,CAM4_REQ,06_control
U601,14,VCC,MB_3V3,06_control
C602,1,1,MB_3V3,06_control
C602,2,2,GND,06_control
R601,1,1,CAM1_REQ,06_control
R601,2,2,GND,06_control
R602,1,1,CAM2_REQ,06_control
R602,2,2,GND,06_control
R603,1,1,CAM3_REQ,06_control
R603,2,2,GND,06_control
R604,1,1,CAM4_REQ,06_control
R604,2,2,GND,06_control
J600,1,GND,GND,06_control
J600,2,SYS_5V,SYS_5V,06_control
J600,3,MB_3V3,MB_3V3,06_control
J600,4,BAT_PROTECTED,BAT_PROTECTED,06_control
J600,5,I2C_SCL,I2C_SCL,06_control
J600,6,I2C_SDA,I2C_SDA,06_control
J600,7,SYNC_MASTER,SYNC_MASTER,06_control
J600,8,CAM1_EN,CAM1_EN,06_control
J600,9,CAM2_EN,CAM2_EN,06_control
J600,10,CAM3_EN,CAM3_EN,06_control
J600,11,CAM4_EN,CAM4_EN,06_control
J600,12,GND,GND,06_control
J601,1,GND,GND,06_control
J601,2,AUX_3V3,AUX_3V3,06_control
J601,3,I2C_SDA,I2C_SDA,06_control
J601,4,I2C_SCL,I2C_SCL,06_control
J601,5,FLASH_SYNC,FLASH_SYNC,06_control
R605,1,1,SYNC_MASTER,06_control
R605,2,2,FLASH_SYNC,06_control
U700,1,SLOW,GND,07_monitoring
U700,2,V_{DD},MB_3V3,07_monitoring
U700,3,GND,GND,07_monitoring
U700,4,SCL,I2C_SCL,07_monitoring
U700,5,SDA,I2C_SDA,07_monitoring
U700,6,ADDRSEL,PAC_ADDR,07_monitoring
U700,7,SENSE3-,CAM3_SHUNT_OUT,07_monitoring
U700,8,SENSE3+,SYS_5V,07_monitoring
U700,9,SENSE4-,CAM4_SHUNT_OUT,07_monitoring
U700,10,SENSE4+,SYS_5V,07_monitoring
U700,11,SENSE1+,SYS_5V,07_monitoring
U700,12,SENSE1-,CAM1_SHUNT_OUT,07_monitoring
U700,13,SENSE2+,SYS_5V,07_monitoring
U700,14,SENSE2-,CAM2_SHUNT_OUT,07_monitoring
U700,15,GPIO,NC,07_monitoring
U700,16,~{PWRDN},MB_3V3,07_monitoring
U700,17,EP,GND,07_monitoring
R700,1,1,PAC_ADDR,07_monitoring
R700,2,2,GND,07_monitoring
C700,1,1,MB_3V3,07_monitoring
C700,2,2,GND,07_monitoring
C701,1,1,MB_3V3,07_monitoring
C701,2,2,GND,07_monitoring
U701,1,SDA,I2C_SDA,07_monitoring
U701,2,SCL,I2C_SCL,07_monitoring
U701,3,V_{SS},GND,07_monitoring
U701,4,NC,NC,07_monitoring
U701,5,V_{DD},GAUGE_1V8,07_monitoring
U701,6,BAT,PACK_FUSED,07_monitoring
U701,7,SRN,BAT_PROTECTED,07_monitoring
U701,8,SRP,PACK_FUSED,07_monitoring
U701,9,NC,NC,07_monitoring
U701,10,BIN,GAUGE_BIN,07_monitoring
U701,11,NC,NC,07_monitoring
U701,12,GPOUT,GAUGE_GPOUT,07_monitoring
U701,13,PAD,GND,07_monitoring
C702,1,1,GAUGE_1V8,07_monitoring
C702,2,2,GND,07_monitoring
C703,1,1,PACK_FUSED,07_monitoring
C703,2,2,GND,07_monitoring
R701,1,1,GAUGE_BIN,07_monitoring
R701,2,2,GND,07_monitoring
R702,1,1,GAUGE_GPOUT,07_monitoring
R702,2,2,GAUGE_1V8,07_monitoring
RS700,1,1,PACK_FUSED,07_monitoring
RS700,2,2,BAT_PROTECTED,07_monitoring
U800,1,SA0,GND,08_sensors
U800,2,SDX,GND,08_sensors
U800,3,SCX,GND,08_sensors
U800,4,INT1,IMU_INT,08_sensors
U800,5,VDDIO,MB_3V3,08_sensors
U800,6,GND,GND,08_sensors
U800,7,GND,GND,08_sensors
U800,8,VDD,MB_3V3,08_sensors
U800,9,INT2,NC,08_sensors
U800,10,OCS_AUX,NC,08_sensors
U800,11,SDO_AUX,NC,08_sensors
U800,12,CS,MB_3V3,08_sensors
U800,13,SCL,I2C_SCL,08_sensors
U800,14,SDA,I2C_SDA,08_sensors
C800,1,1,MB_3V3,08_sensors
C800,2,2,GND,08_sensors
C801,1,1,MB_3V3,08_sensors
C801,2,2,GND,08_sensors
U801,1,CLKOUT,NC,08_sensors
U801,2,~{INT},RTC_INT_N,08_sensors
U801,3,SCL,I2C_SCL,08_sensors
U801,4,SDA,I2C_SDA,08_sensors
U801,5,VSS,GND,08_sensors
U801,6,VBACKUP,RTC_BACKUP,08_sensors
U801,7,VDD,MB_3V3,08_sensors
U801,8,EVI,GND,08_sensors
C802,1,1,MB_3V3,08_sensors
C802,2,2,GND,08_sensors
R800,1,1,RTC_INT_N,08_sensors
R800,2,2,MB_3V3,08_sensors
J800,1,RTC_BACKUP,RTC_BACKUP,08_sensors
J800,2,GND,GND,08_sensors
U802,1,SCL,I2C_SCL,08_sensors
U802,2,GND,GND,08_sensors
U802,3,ALERT,NC,08_sensors
U802,4,ADD0,GND,08_sensors
U802,5,V+,MB_3V3,08_sensors
U802,6,SDA,I2C_SDA,08_sensors
U802,7,EP,GND,08_sensors
C803,1,1,MB_3V3,08_sensors
C803,2,2,GND,08_sensors
U900,1,REG,HAPTIC_REG,09_controls
U900,2,SCL,I2C_SCL,09_controls
U900,3,SDA,I2C_SDA,09_controls
U900,4,IN/TRIG,GND,09_controls
U900,5,EN,HAPTIC_EN,09_controls
U900,6,VDD/NC,MB_3V3,09_controls
U900,7,OUT+,MOTOR_P,09_controls
U900,8,GND,GND,09_controls
U900,9,OUT-,MOTOR_N,09_controls
U900,10,VDD,MB_3V3,09_controls
C900,1,1,HAPTIC_REG,09_controls
C900,2,2,GND,09_controls
C901,1,1,MB_3V3,09_controls
C901,2,2,GND,09_controls
C902,1,1,MB_3V3,09_controls
C902,2,2,GND,09_controls
R900,1,1,HAPTIC_EN,09_controls
R900,2,2,GND,09_controls
J900,1,MOTOR_P,MOTOR_P,09_controls
J900,2,MOTOR_N,MOTOR_N,09_controls
J901,1,MB_3V3,MB_3V3,09_controls
J901,2,GND,GND,09_controls
J901,3,COVER_RAW,COVER_RAW,09_controls
R901,1,1,COVER_RAW,09_controls
R901,2,2,COVER_N,09_controls
R902,1,1,COVER_N,09_controls
R902,2,2,MB_3V3,09_controls
C903,1,1,COVER_N,09_controls
C903,2,2,GND,09_controls
J902,1,SHUTTER_N,SHUTTER_N,09_controls
J902,2,GND,GND,09_controls
J903,1,REMOTE_CONTACT,REMOTE_CONTACT,09_controls
J903,2,GND,GND,09_controls
R903,1,1,REMOTE_CONTACT,09_controls
R903,2,2,REMOTE_FILTER,09_controls
R904,1,1,REMOTE_FILTER,09_controls
R904,2,2,MB_3V3,09_controls
C904,1,1,REMOTE_FILTER,09_controls
C904,2,2,GND,09_controls
U901,1,NC,NC,09_controls
U901,2,A,REMOTE_FILTER,09_controls
U901,3,GND,GND,09_controls
U901,4,Y,REMOTE_ACTIVE,09_controls
U901,5,VCC,MB_3V3,09_controls
C905,1,1,MB_3V3,09_controls
C905,2,2,GND,09_controls
Q900,1,G,REMOTE_ACTIVE,09_controls
Q900,2,S,GND,09_controls
Q900,3,D,SHUTTER_N,09_controls
R905,1,1,REMOTE_ACTIVE,09_controls
R905,2,2,GND,09_controls
D900,1,K,GND,09_controls
D900,2,A,REMOTE_CONTACT,09_controls
D901,1,K,GND,09_controls
D901,2,A,COVER_RAW,09_controls
D902,1,K,GND,09_controls
D902,2,A,SHUTTER_N,09_controls
J904,1,FN_N,FN_N,09_controls
J904,2,GND,GND,09_controls
R906,1,1,FN_N,09_controls
R906,2,2,MB_3V3,09_controls
J1000,A1,GND,GND,10_usb_pd
J1000,A4,VBUS,USB_VBUS,10_usb_pd
J1000,A5,CC1,USB_CC1,10_usb_pd
J1000,A6,D+,NC,10_usb_pd
J1000,A7,D-,NC,10_usb_pd
J1000,A8,SBU1,NC,10_usb_pd
J1000,A9,VBUS,USB_VBUS,10_usb_pd
J1000,A12,GND,GND,10_usb_pd
J1000,B1,GND,GND,10_usb_pd
J1000,B4,VBUS,USB_VBUS,10_usb_pd
J1000,B5,CC2,USB_CC2,10_usb_pd
J1000,B6,D+,NC,10_usb_pd
J1000,B7,D-,NC,10_usb_pd
J1000,B8,SBU2,NC,10_usb_pd
J1000,B9,VBUS,USB_VBUS,10_usb_pd
J1000,B12,GND,GND,10_usb_pd
J1000,SH,SHIELD,GND,10_usb_pd
U1000,1,CC1DB,USB_CC1,10_usb_pd
U1000,2,CC1,USB_CC1,10_usb_pd
U1000,3,NC,NC,10_usb_pd
U1000,4,CC2,USB_CC2,10_usb_pd
U1000,5,CC2DB,USB_CC2,10_usb_pd
U1000,6,RESET,PD_RESET,10_usb_pd
U1000,7,SCL,I2C_SCL,10_usb_pd
U1000,8,SDA,I2C_SDA,10_usb_pd
U1000,9,DISCH,PD_DISCH,10_usb_pd
U1000,10,GND,GND,10_usb_pd
U1000,11,ATTACH,NC,10_usb_pd
U1000,12,ADDR0,GND,10_usb_pd
U1000,13,ADDR1,GND,10_usb_pd
U1000,14,POWER_OK3,NC,10_usb_pd
U1000,15,GPIO,NC,10_usb_pd
U1000,16,VBUS_EN_SNK,PD_SINK_EN_N,10_usb_pd
U1000,17,A_B_SIDE,NC,10_usb_pd
U1000,18,VBUS_VS_DISCH,PD_VBUS_SENSE,10_usb_pd
U1000,19,ALERT,NC,10_usb_pd
U1000,20,POWER_OK2,PD_9V_OK_N,10_usb_pd
U1000,21,VREG_1V2,PD_1V2,10_usb_pd
U1000,22,VSYS,GND,10_usb_pd
U1000,23,VREG_2V7,PD_2V7,10_usb_pd
U1000,24,VDD,USB_VBUS,10_usb_pd
U1000,25,GND,GND,10_usb_pd
C1000,1,1,USB_VBUS,10_usb_pd
C1000,2,2,GND,10_usb_pd
C1001,1,1,PD_1V2,10_usb_pd
C1001,2,2,GND,10_usb_pd
C1002,1,1,PD_2V7,10_usb_pd
C1002,2,2,GND,10_usb_pd
R1000,1,1,PD_RESET,10_usb_pd
R1000,2,2,GND,10_usb_pd
R1001,1,1,USB_VBUS,10_usb_pd
R1001,2,2,PD_VBUS_SENSE,10_usb_pd
R1002,1,1,CHG_VBUS,10_usb_pd
R1002,2,2,PD_DISCH,10_usb_pd
Q1000,1,S,PD_COMMON_SOURCE,10_usb_pd
Q1000,2,S,PD_COMMON_SOURCE,10_usb_pd
Q1000,3,S,PD_COMMON_SOURCE,10_usb_pd
Q1000,4,G,PD_GATE,10_usb_pd
Q1000,5,D,USB_VBUS,10_usb_pd
Q1000,6,D,USB_VBUS,10_usb_pd
Q1000,7,D,USB_VBUS,10_usb_pd
Q1000,8,D,USB_VBUS,10_usb_pd
Q1001,1,S,PD_COMMON_SOURCE,10_usb_pd
Q1001,2,S,PD_COMMON_SOURCE,10_usb_pd
Q1001,3,S,PD_COMMON_SOURCE,10_usb_pd
Q1001,4,G,PD_GATE,10_usb_pd
Q1001,5,D,CHG_VBUS,10_usb_pd
Q1001,6,D,CHG_VBUS,10_usb_pd
Q1001,7,D,CHG_VBUS,10_usb_pd
Q1001,8,D,CHG_VBUS,10_usb_pd
R1003,1,1,PD_COMMON_SOURCE,10_usb_pd
R1003,2,2,PD_GATE,10_usb_pd
R1004,1,1,PD_GATE,10_usb_pd
R1004,2,2,PD_SINK_EN_N,10_usb_pd
D1000,1,K,PD_COMMON_SOURCE,10_usb_pd
D1000,2,A,PD_GATE,10_usb_pd
D1001,1,K,USB_VBUS,10_usb_pd
D1001,2,A,GND,10_usb_pd
D1002,1,K,USB_CC1,10_usb_pd
D1002,2,A,GND,10_usb_pd
D1003,1,K,USB_CC2,10_usb_pd
D1003,2,A,GND,10_usb_pd
TP1000,1,USB_VBUS,USB_VBUS,10_usb_pd
TP1001,1,PD_9V_OK_N,PD_9V_OK_N,10_usb_pd
J1100,1,PACK_PLUS,PACK_PLUS,11_charger
J1100,2,PACK_NTC,PACK_NTC,11_charger
J1100,3,GND,GND,11_charger
F1100,1,1,PACK_PLUS,11_charger
F1100,2,2,PACK_FUSED,11_charger
U1100,1,STAT,CHARGE_STAT_N,11_charger
U1100,2,VBUS,CHG_VBUS,11_charger
U1100,3,VBUS,CHG_VBUS,11_charger
U1100,4,BTST1,CHG_BTST1,11_charger
U1100,5,REGN,CHG_REGN,11_charger
U1100,6,D+,NC,11_charger
U1100,7,D-,NC,11_charger
U1100,8,VAC2,CHG_VBUS,11_charger
U1100,9,VAC1,CHG_VBUS,11_charger
U1100,10,ACDRV2,GND,11_charger
U1100,11,ACDRV1,GND,11_charger
U1100,12,~{QON},NC,11_charger
U1100,13,~{CE},CHARGE_CE_N,11_charger
U1100,14,SCL,I2C_SCL,11_charger
U1100,15,SDA,I2C_SDA,11_charger
U1100,16,TS,CHG_TS,11_charger
U1100,17,ILIM_HIZ,CHG_ILIM,11_charger
U1100,18,BATP,CHG_BATP,11_charger
U1100,19,BTST2,CHG_BTST2,11_charger
U1100,20,PROG,CHG_PROG,11_charger
U1100,21,~{INT},NC,11_charger
U1100,22,BAT,BAT_PROTECTED,11_charger
U1100,23,BAT,BAT_PROTECTED,11_charger
U1100,24,SDRV,CHG_SDRV,11_charger
U1100,25,SYS,SYS_RAW,11_charger
U1100,26,SW2,CHG_SW2,11_charger
U1100,27,GND,GND,11_charger
U1100,28,SW1,CHG_SW1,11_charger
U1100,29,PMID,CHG_PMID,11_charger
R1100,1,1,CHG_PROG,11_charger
R1100,2,2,GND,11_charger
R1101,1,1,BAT_PROTECTED,11_charger
R1101,2,2,CHG_BATP,11_charger
R1102,1,1,CHARGE_CE_N,11_charger
R1102,2,2,GND,11_charger
R1110,1,1,CHARGE_CE_N,11_charger
R1110,2,2,CHG_REGN,11_charger
R1104,1,1,CHG_REGN,11_charger
R1104,2,2,CHG_ILIM,11_charger
R1105,1,1,CHG_ILIM,11_charger
R1105,2,2,GND,11_charger
R1106,1,1,CHG_REGN,11_charger
R1106,2,2,CHG_TS,11_charger
R1107,1,1,CHG_TS,11_charger
R1107,2,2,GND,11_charger
R1108,1,1,CHG_TS,11_charger
R1108,2,2,PACK_NTC,11_charger
C1100,1,1,CHG_SDRV,11_charger
C1100,2,2,GND,11_charger
C1101,1,1,CHG_REGN,11_charger
C1101,2,2,GND,11_charger
C1102,1,1,CHG_BTST1,11_charger
C1102,2,2,CHG_SW1,11_charger
C1103,1,1,CHG_BTST2,11_charger
C1103,2,2,CHG_SW2,11_charger
L1100,1,1,CHG_SW1,11_charger
L1100,2,2,CHG_SW2,11_charger
C1104,1,1,CHG_VBUS,11_charger
C1104,2,2,GND,11_charger
C1105,1,1,CHG_VBUS,11_charger
C1105,2,2,GND,11_charger
C1106,1,1,CHG_VBUS,11_charger
C1106,2,2,GND,11_charger
C1107,1,1,CHG_PMID,11_charger
C1107,2,2,GND,11_charger
C1108,1,1,CHG_PMID,11_charger
C1108,2,2,GND,11_charger
C1109,1,1,CHG_PMID,11_charger
C1109,2,2,GND,11_charger
C1110,1,1,CHG_PMID,11_charger
C1110,2,2,GND,11_charger
C1111,1,1,SYS_RAW,11_charger
C1111,2,2,GND,11_charger
C1112,1,1,SYS_RAW,11_charger
C1112,2,2,GND,11_charger
C1113,1,1,SYS_RAW,11_charger
C1113,2,2,GND,11_charger
C1114,1,1,SYS_RAW,11_charger
C1114,2,2,GND,11_charger
C1115,1,1,SYS_RAW,11_charger
C1115,2,2,GND,11_charger
C1116,1,1,SYS_RAW,11_charger
C1116,2,2,GND,11_charger
C1117,1,1,BAT_PROTECTED,11_charger
C1117,2,2,GND,11_charger
C1118,1,1,BAT_PROTECTED,11_charger
C1118,2,2,GND,11_charger
C1119,1,1,BAT_PROTECTED,11_charger
C1119,2,2,GND,11_charger
R1109,1,1,CHARGE_STAT_N,11_charger
R1109,2,2,MB_3V3,11_charger
TP1100,1,CHARGE_STAT_N,CHARGE_STAT_N,11_charger
TP1101,1,SYS_RAW,SYS_RAW,11_charger
U1200,1,FB,BOOST_FB,12_boost
U1200,2,COMP,BOOST_COMP,12_boost
U1200,3,PGND,GND,12_boost
U1200,4,SW,BOOST_SW,12_boost
U1200,5,VOUT,BOOST_5V,12_boost
U1200,6,EN,BOOST_ENABLE,12_boost
U1200,7,VIN,SYS_RAW,12_boost
U1200,8,BST,BOOST_BST,12_boost
U1200,9,SW,BOOST_SW,12_boost
U1200,10,AGND,GND,12_boost
U1200,11,VCC,BOOST_VCC,12_boost
L1200,1,1,SYS_RAW,12_boost
L1200,2,2,BOOST_SW,12_boost
R1200,1,1,BOOST_5V,12_boost
R1200,2,2,BOOST_FB,12_boost
R1201,1,1,BOOST_FB,12_boost
R1201,2,2,GND,12_boost
R1202,1,1,BOOST_COMP,12_boost
R1202,2,2,BOOST_COMP_RC,12_boost
C1200,1,1,BOOST_COMP_RC,12_boost
C1200,2,2,GND,12_boost
C1201,1,1,BOOST_COMP,12_boost
C1201,2,2,GND,12_boost
C1202,1,1,BOOST_VCC,12_boost
C1202,2,2,GND,12_boost
C1203,1,1,BOOST_BST,12_boost
C1203,2,2,BOOST_SW,12_boost
C1204,1,1,SYS_RAW,12_boost
C1204,2,2,GND,12_boost
C1205,1,1,SYS_RAW,12_boost
C1205,2,2,GND,12_boost
C1206,1,1,BOOST_5V,12_boost
C1206,2,2,GND,12_boost
C1207,1,1,BOOST_5V,12_boost
C1207,2,2,GND,12_boost
C1208,1,1,BOOST_5V,12_boost
C1208,2,2,GND,12_boost
C1209,1,1,BOOST_5V,12_boost
C1209,2,2,GND,12_boost
C1210,1,1,BOOST_5V,12_boost
C1210,2,2,GND,12_boost
C1211,1,1,BOOST_5V,12_boost
C1211,2,2,GND,12_boost
Q1200,1,S,MAIN_COMMON,12_boost
Q1200,2,S,MAIN_COMMON,12_boost
Q1200,3,S,MAIN_COMMON,12_boost
Q1200,4,G,MAIN_GATE,12_boost
Q1200,5,D,BOOST_5V,12_boost
Q1200,6,D,BOOST_5V,12_boost
Q1200,7,D,BOOST_5V,12_boost
Q1200,8,D,BOOST_5V,12_boost
Q1201,1,S,MAIN_COMMON,12_boost
Q1201,2,S,MAIN_COMMON,12_boost
Q1201,3,S,MAIN_COMMON,12_boost
Q1201,4,G,MAIN_GATE,12_boost
Q1201,5,D,SYS_5V,12_boost
Q1201,6,D,SYS_5V,12_boost
Q1201,7,D,SYS_5V,12_boost
Q1201,8,D,SYS_5V,12_boost
R1203,1,1,MAIN_COMMON,12_boost
R1203,2,2,MAIN_GATE,12_boost
Q1202,1,G,BOOST_ENABLE,12_boost
Q1202,2,S,GND,12_boost
Q1202,3,D,MAIN_GATE,12_boost
U1201,1,PGND,GND,12_boost
U1201,2,VIN,SYS_5V,12_boost
U1201,3,EN,SYS_5V,12_boost
U1201,4,AGND,GND,12_boost
U1201,5,FB,GND,12_boost
U1201,6,VOS,MB_3V3,12_boost
U1201,7,SW,BUCK_SW,12_boost
U1201,8,PG,NC,12_boost
U1201,9,PAD,GND,12_boost
L1201,1,1,BUCK_SW,12_boost
L1201,2,2,MB_3V3,12_boost
C1212,1,1,SYS_5V,12_boost
C1212,2,2,GND,12_boost
C1213,1,1,MB_3V3,12_boost
C1213,2,2,GND,12_boost
D1200,1,K,P4_5V_ISO,12_boost
D1200,2,A,SYS_5V,12_boost
JP1200,1,1,P4_5V_ISO,12_boost
JP1200,2,2,P4_5V,12_boost
TP1200,1,SYS_5V,SYS_5V,12_boost
TP1201,1,MB_3V3,MB_3V3,12_boost
TP1202,1,GND,GND,12_boost
U1300,1,ON,GND,13_power_button
U1300,2,KILL,POWER_KILL_N,13_power_button
U1300,3,TMR,POWER_TMR,13_power_button
U1300,4,GND,GND,13_power_button
U1300,5,PB_N,POWER_PB_N,13_power_button
U1300,6,VIN,SYS_RAW,13_power_button
U1300,7,EN,BOOST_ENABLE,13_power_button
U1300,8,INT_N,POWER_INT_N,13_power_button
C1300,1,1,SYS_RAW,13_power_button
C1300,2,2,GND,13_power_button
C1301,1,1,POWER_TMR,13_power_button
C1301,2,2,GND,13_power_button
R1300,1,1,POWER_KILL_N,13_power_button
R1300,2,2,SYS_RAW,13_power_button
Q1300,1,G,SOFT_KILL,13_power_button
Q1300,2,S,GND,13_power_button
Q1300,3,D,POWER_KILL_N,13_power_button
R1301,1,1,SOFT_KILL,13_power_button
R1301,2,2,GND,13_power_button
R1302,1,1,POWER_INT_N,13_power_button
R1302,2,2,MB_3V3,13_power_button
J1300,1,POWER_PB_N,POWER_PB_N,13_power_button
J1300,2,GND,GND,13_power_button
R1303,1,1,MB_3V3,13_power_button
R1303,2,2,POWER_LED_A,13_power_button
D1300,1,K,GND,13_power_button
D1300,2,A,POWER_LED_A,13_power_button
R1304,1,1,MB_3V3,13_power_button
R1304,2,2,CHARGE_LED_A,13_power_button
D1301,1,K,CHARGE_STAT_N,13_power_button
D1301,2,A,CHARGE_LED_A,13_power_button
