Quantity,Comment,Designator,Footprint,Manufacturer Part,LCSC Part #
27,100n 50V,"C100,C1106,C1110,C1116,C1119,C1205,C1300,C200,C201,C204,C300,C301,C304,C400,C401,C404,C500,C501,C504,C601,C602,C700,C800,C801,C802,C803,C905",C_0603_1608Metric,YAGEO CC0603KRX7R9BB104,C14663
1,1u 50V,C1000,C_0805_2012Metric,Samsung Electro-Mechanics CL21B105KBFNNNE,C28323
5,1u,"C1001,C1002,C701,C900,C901",C_0603_1608Metric,Samsung Electro-Mechanics CL10A105KB8NNNC,C15849
1,1n 50V,C1100,C_0603_1608Metric,Samsung Electro-Mechanics CL10B102KB8NNNC,C1588
1,4.7u 10V,C1101,C_0805_2012Metric,Samsung Electro-Mechanics CL21A475KAQNNNE,C1779
2,47n 16V,"C1102,C1103",C_0603_1608Metric,Samsung Electro-Mechanics CL10B473KB8NNNC,C1622
12,10u 50V X7R,"C1104,C1105,C1107,C1108,C1109,C1111,C1112,C1113,C1114,C1115,C1117,C1118",C_1206_3216Metric,Samsung Electro-Mechanics CL31B106KBHNNNE,C89632
1,3.3n 50V,C1200,C_0603_1608Metric,Samsung Electro-Mechanics CL10B332KB8NNNC,C1613
1,4.7u 16V,C1202,C_0603_1608Metric,Samsung Electro-Mechanics CL10A475KO8NNNC,C19666
3,100n,"C1203,C600,C904",C_0603_1608Metric,YAGEO CC0603KRX7R9BB104,C14663
7,22u 10V,"C1204,C1206,C1207,C1208,C1209,C1210,C1211",C_1206_3216Metric,Samsung Electro-Mechanics CL31A226KAHNNNE,C12891
2,10u,"C1212,C902",C_0805_2012Metric,Samsung Electro-Mechanics CL21A106KAYNNNE,C15850
1,22u,C1213,C_0805_2012Metric,Samsung Electro-Mechanics CL21A226MAQNNNE,C45783
1,1.5u 16V,C1301,C_0603_1608Metric,Samsung Electro-Mechanics CL10A155KO8NNNC,
5,1u 50V,"C202,C302,C402,C502,C703",C_0603_1608Metric,Samsung Electro-Mechanics CL10A105KB8NNNC,C15849
4,22u 10V,"C203,C303,C403,C503",C_0805_2012Metric,Samsung Electro-Mechanics CL21A226MAQNNNE,C45783
1,470n,C702,C_0603_1608Metric,Samsung Electro-Mechanics CL10B474KA8NNNC,C1623
1,10n,C903,C_0603_1608Metric,Samsung Electro-Mechanics CL10B103KB8NNNC,C1589
1,BZT52C10,D1000,D_SOD-123,Diodes Incorporated BZT52C10-7-F,C155227
1,SMF22A,D1001,D_SOD-123F,Vishay General Semiconductor SMF22A-E3-08,
2,PESD24VL1BA,"D1002,D1003",D_SOD-323,"Nexperia PESD24VL1BA,115",
5,SS34,"D1200,D200,D300,D400,D500",D_SMA,Diodes Incorporated B340A-13-F,C85098
1,LED GREEN,D1300,LED_0603_1608Metric,Wurth Elektronik 150060VS75000,C6848499
4,PESD5V0S1BA,"D900,D901,D902,D903",D_SOD-323,"Nexperia PESD5V0S1BA,115",C19224
1,PTC 100mA,F100,Fuse_1206_3216Metric,Bel Fuse 0ZCJ0010FF2E,C194142
1,7A fast 1206,F1100,Fuse_1206_3216Metric,Bourns SF-1206F700-2,C1972769
1,P4 JP1 - 26 pin IDC,J100,IDC-Header_2x13_P2.54mm_Vertical,Wurth Elektronik 61202621621,C17586777
1,USB4105-GF-A,J1000,USB_C_GCT_USB4105_KINO_GND0.05,GCT USB4105-GF-A,C3020560
1,C6 service - 3V3 sense only,J101,PinHeader_1x06_P2.54mm_Vertical,Wurth Elektronik 61300611121,C5444523
1,3V3 I2C accessory,J102,JST_GH_BM04B-GHS-TBT_1x04-1MP_P1.25mm_Vertical,JST BM04B-GHS-TBT(LF)(SN),C161692
1,PROTECTED 1S PACK / NTC,J1100,JST_VH_B3P-VH_1x03_P3.96mm_Vertical,JST B3P-VH(LF)(SN),C160316
1,POWER PUSHBUTTON,J1300,JST_GH_BM02B-GHS-TBT_1x02-1MP_P1.25mm_Vertical,JST BM02B-GHS-TBT(LF)(SN),C161690
4,GPIO breakout - SD/strap restrictions,"J201,J301,J401,J501",PinHeader_2x05_P2.54mm_Vertical,Wurth Elektronik 61301021121,C5343117
1,3V PRIMARY RTC BACKUP,J800,JST_GH_BM02B-GHS-TBT_1x02-1MP_P1.25mm_Vertical,JST BM02B-GHS-TBT(LF)(SN),C161690
1,HAPTIC MOTOR,J900,JST_GH_BM02B-GHS-TBT_1x02-1MP_P1.25mm_Vertical,JST BM02B-GHS-TBT(LF)(SN),C161690
1,COVER HALL SENSOR,J901,JST_GH_BM03B-GHS-TBT_1x03-1MP_P1.25mm_Vertical,JST BM03B-GHS-TBT(LF)(SN),C161691
1,LOCAL SHUTTER,J902,JST_GH_BM02B-GHS-TBT_1x02-1MP_P1.25mm_Vertical,JST BM02B-GHS-TBT(LF)(SN),C161690
1,REMOTE DRY CONTACT,J903,JST_GH_BM02B-GHS-TBT_1x02-1MP_P1.25mm_Vertical,JST BM02B-GHS-TBT(LF)(SN),C161690
1,FUNCTION BUTTON,J904,JST_GH_BM02B-GHS-TBT_1x02-1MP_P1.25mm_Vertical,JST BM02B-GHS-TBT(LF)(SN),C161690
1,0R LINK - REMOVE FOR P4 USB SERVICE,JP1200,R_1206_3216Metric_Vishay_CRCW-HP,Vishay CRCW12060000Z0EAHP,C844862
4,0R LINK - REMOVE FOR NODE USB,"JP200,JP300,JP400,JP500",R_1206_3216Metric_Vishay_CRCW-HP,Vishay CRCW12060000Z0EAHP,C844862
1,1.0uH 14.1A Isat,L1100,L_TDK_SPM6530,SPM6530T-1R0M120,
1,2.2uH 19.6A Isat,L1200,L_Coilcraft_XAL7070-XXX,XAL7070-222MEC,
1,2.2uH 1.5A,L1201,L_Taiyo-Yuden_NR-30xx,Taiyo Yuden LSXND3030QKT2R2MNG,C6980123
4,AO4409,"Q1000,Q1001,Q1200,Q1201",SOIC-8_3.9x4.9mm_P1.27mm,Alpha & Omega Semiconductor AO4409,C347462
1,PMV16UN,Q1202,SOT-23,Nexperia PMV16UN,
2,2N7002,"Q1300,Q900",SOT-23,"Nexperia 2N7002,215",C65189
2,2.2k,"R100,R1303",R_0603_1608Metric,RC0603FR-072K2L,
19,100k,"R1000,R1003,R104,R105,R1102,R1203,R1204,R1300,R1301,R205,R305,R405,R505,R601,R602,R603,R604,R900,R905",R_0603_1608Metric,RC0603FR-07100KL,
1,470,R1001,R_0603_1608Metric,RC0603FR-07470RL,
2,1k,"R1002,R901",R_0603_1608Metric,RC0603FR-071KL,
13,10k,"R1004,R1302,R204,R304,R404,R504,R600,R701,R702,R800,R902,R903,R906",R_0603_1608Metric,RC0603FR-0710KL,
1,22k,R101,R_0603_1608Metric,RC0603FR-0722KL,
2,4.7k,"R102,R103",R_0603_1608Metric,RC0603FR-074K7L,
1,3.00k 1%,R1100,R_0603_1608Metric,RC0603FR-073KL,
1,100,R1101,R_0603_1608Metric,RC0603FR-07100RL,
2,30.1k 1%,"R1104,R1107",R_0603_1608Metric,RC0603FR-0730K1L,
1,10k 1%,R1105,R_0603_1608Metric,RC0603FR-0710KL,
1,5.23k 1%,R1106,R_0603_1608Metric,RC0603FR-075K23L,
1,0,R1108,R_0603_1608Metric,RC0603JR-070RL,
1,110k 0.1%,R1200,R_0603_1608Metric,RT0603BRD07110KL,
1,15k 0.1%,R1201,R_0603_1608Metric,RT0603BRD0715KL,
1,20.5k 1%,R1202,R_0603_1608Metric,RC0603FR-0720K5L,
12,33,"R200,R201,R202,R300,R301,R302,R400,R401,R402,R500,R501,R502",R_0603_1608Metric,RC0603FR-0733RL,
4,25.5k 1%,"R203,R303,R403,R503",R_0603_1608Metric,RC0603FR-0725K5L,
1,47k,R904,R_0603_1608Metric,RC0603FR-0747KL,
4,0.020 1% 1W,"RS200,RS300,RS400,RS500",R_1206_3216Metric,Vishay Dale WSLP1206R0200FEA,C441558
1,0.005 1% 1W,RS700,R_1206_3216Metric,Vishay Dale WSLP12065L000FEA,
1,TCA9517ADGKR,U100,VSSOP-8_3x3mm_P0.65mm,TCA9517ADGKR,
1,STUSB4500QTR,U1000,QFN-24-1EP_4x4mm_P0.5mm_EP2.7x2.7mm,STUSB4500QTR,
1,BQ25798RQMR,U1100,Texas_RQM0029A_VQFN-29_4x4mm_P0.4mm,BQ25798RQMR,
1,TPS61288LRQQR,U1200,TPS61288_RQQ0011A_DRAFT,TPS61288LRQQR,
1,TPS62162DSGR,U1201,Texas_DSG0008A_WSON-8-1EP_2x2mm_P0.5mm_EP0.9x1.6mm_ThermalVias,TPS62162DSGR,
1,LTC2955ITS8-1,U1300,TSOT-23-8,Analog Devices LTC2955ITS8-1#TRMPBF,
4,TXU0304PWR,"U200,U300,U400,U500",TSSOP-14_4.4x5mm_P0.65mm,TXU0304PWR,
4,TPS2553DBVR,"U201,U301,U401,U501",SOT-23-6,TPS2553DBVR,
1,TCA9539PWR,U600,TSSOP-24_4.4x7.8mm_P0.65mm,TCA9539PWR,
1,SN74LVC08APWR,U601,TSSOP-14_4.4x5mm_P0.65mm,SN74LVC08APWR,
1,PAC1954T-E/4MX,U700,VQFN-16-1EP_3x3mm_P0.5mm_EP1.1x1.1mm_Pin1Corner,PAC1954T-E/4MX,
1,BQ27441DRZR-G1A,U701,Texas_S-PDSO-N12,BQ27441DRZR-G1A,
1,LSM6DSOXTR,U800,LGA-14_3x2.5mm_P0.5mm_LayoutBorder3x4y,LSM6DSOXTR,
1,RV-3028-C7,U801,MicroCrystal_C7_SON-8_1.5x3.2mm_P0.9mm,Micro Crystal RV-3028-C7 32.768kHz 1ppm TA QC,C3019759
1,TMP117AIDRVR,U802,WSON-6-1EP_2x2mm_P0.65mm_EP1x1.6mm,TMP117AIDRVR,
1,DRV2605LDGSR,U900,TSSOP-10_3x3mm_P0.5mm,DRV2605LDGSR,
1,SN74LVC1G14DBVR,U901,SOT-23-5,SN74LVC1G14DBVR,
