Designator,Mid X,Mid Y,Layer,Rotation
C100,69.000000mm,-95.000000mm,Bottom,0.000000
C200,70.205000mm,-90.000000mm,Bottom,90.000000
C201,80.805000mm,-90.000000mm,Bottom,-90.000000
C202,72.005000mm,-74.500000mm,Bottom,90.000000
C203,71.505000mm,-82.500000mm,Bottom,180.000000
C204,75.505000mm,-84.000000mm,Bottom,180.000000
C300,92.205000mm,-90.000000mm,Bottom,90.000000
C301,102.805000mm,-90.000000mm,Bottom,-90.000000
C302,94.005000mm,-74.500000mm,Bottom,90.000000
C303,93.505000mm,-82.500000mm,Bottom,180.000000
C304,97.505000mm,-84.000000mm,Bottom,180.000000
C400,114.205000mm,-90.000000mm,Bottom,90.000000
C401,124.805000mm,-90.000000mm,Bottom,-90.000000
C402,116.005000mm,-74.500000mm,Bottom,90.000000
C403,115.505000mm,-82.500000mm,Bottom,180.000000
C404,119.505000mm,-84.000000mm,Bottom,180.000000
C500,136.205000mm,-90.000000mm,Bottom,90.000000
C501,146.805000mm,-90.000000mm,Bottom,-90.000000
C502,138.005000mm,-74.500000mm,Bottom,90.000000
C503,137.505000mm,-82.500000mm,Bottom,180.000000
C504,141.505000mm,-84.000000mm,Bottom,180.000000
C600,100.250000mm,-55.250000mm,Bottom,90.000000
C601,89.500000mm,-51.675000mm,Bottom,180.000000
C602,121.650000mm,-60.265000mm,Bottom,180.000000
C701,108.775000mm,-64.200000mm,Bottom,0.000000
C702,154.425000mm,-114.270000mm,Bottom,180.000000
C703,158.100000mm,-112.400000mm,Bottom,0.000000
C901,158.000000mm,-75.750000mm,Bottom,90.000000
C902,155.000000mm,-75.250000mm,Bottom,180.000000
C903,153.500000mm,-72.000000mm,Bottom,-90.000000
C904,64.675000mm,-65.250000mm,Bottom,-90.000000
C1101,145.000000mm,-108.500000mm,Bottom,180.000000
C1104,146.500000mm,-100.000000mm,Bottom,90.000000
C1105,149.500000mm,-100.000000mm,Bottom,90.000000
C1106,144.525001mm,-104.000000mm,Bottom,0.000000
C1110,141.750000mm,-101.250000mm,Bottom,180.000000
C1111,134.500000mm,-96.250000mm,Bottom,90.000000
C1112,131.500000mm,-96.250000mm,Bottom,90.000000
C1113,128.500000mm,-96.250000mm,Bottom,90.000000
C1114,125.500000mm,-96.250000mm,Bottom,90.000000
C1115,122.500000mm,-96.250000mm,Bottom,90.000000
C1116,138.250000mm,-101.250000mm,Bottom,0.000000
C1117,130.500000mm,-106.700000mm,Bottom,0.000000
C1118,124.800000mm,-106.700000mm,Bottom,0.000000
C1119,135.000000mm,-103.125000mm,Bottom,0.000000
C1200,103.500000mm,-110.000000mm,Bottom,90.000000
C1202,108.500000mm,-109.000000mm,Bottom,-90.000000
C1203,111.500000mm,-108.500000mm,Bottom,180.000000
C1204,104.250000mm,-99.000000mm,Bottom,180.000000
C1205,115.000000mm,-110.250000mm,Bottom,180.000000
C1206,116.000000mm,-103.500000mm,Bottom,0.000000
C1212,89.250000mm,-104.250000mm,Bottom,180.000000
C1213,101.000000mm,-104.250000mm,Bottom,0.000000
C1300,78.750000mm,-106.000000mm,Bottom,-90.000000
C1301,80.400000mm,-103.150000mm,Bottom,180.000000
D200,77.505000mm,-79.000000mm,Bottom,0.000000
D300,99.505000mm,-79.000000mm,Bottom,0.000000
D400,121.505000mm,-79.000000mm,Bottom,0.000000
D500,143.505000mm,-79.000000mm,Bottom,0.000000
D900,62.350000mm,-58.950000mm,Bottom,180.000000
D902,61.600000mm,-115.600000mm,Bottom,90.000000
D903,150.520000mm,-58.900000mm,Bottom,0.000000
D1200,100.500000mm,-111.000000mm,Bottom,90.000000
F100,69.000000mm,-102.750000mm,Bottom,90.000000
J100,58.540000mm,-68.000000mm,Bottom,180.000000
J101,73.750000mm,-55.000000mm,Bottom,-90.000000
J102,86.000000mm,-113.000000mm,Bottom,180.000000
J201,70.425000mm,-65.460000mm,Bottom,-90.000000
J301,92.425000mm,-65.460000mm,Bottom,-90.000000
J401,114.425000mm,-65.460000mm,Bottom,-90.000000
J501,136.425000mm,-65.460000mm,Bottom,-90.000000
J800,94.500000mm,-113.000000mm,Bottom,180.000000
J900,160.000000mm,-58.000000mm,Bottom,180.000000
J901,160.000000mm,-68.000000mm,Bottom,180.000000
J902,57.000000mm,-114.250000mm,Bottom,180.000000
J903,57.000000mm,-57.000000mm,Bottom,180.000000
J904,150.250000mm,-54.500000mm,Bottom,180.000000
J1300,76.000000mm,-113.000000mm,Bottom,180.000000
L1100,140.000000mm,-96.000000mm,Bottom,180.000000
L1200,111.000000mm,-98.000000mm,Bottom,0.000000
L1201,97.000000mm,-104.250000mm,Bottom,0.000000
Q1000,159.000000mm,-94.000000mm,Bottom,90.000000
Q1001,159.000000mm,-85.000000mm,Bottom,-90.000000
Q1202,107.250000mm,-116.250000mm,Bottom,0.000000
R100,66.500000mm,-102.000000mm,Bottom,-90.000000
R101,71.500000mm,-102.000000mm,Bottom,90.000000
R102,64.050000mm,-99.000000mm,Bottom,0.000000
R103,73.500000mm,-99.000000mm,Bottom,90.000000
R104,65.500000mm,-95.000000mm,Bottom,180.000000
R105,64.175000mm,-104.000000mm,Bottom,180.000000
R200,80.805000mm,-86.250000mm,Bottom,90.000000
R201,80.805000mm,-82.750000mm,Bottom,90.000000
R202,70.205000mm,-86.250000mm,Bottom,90.000000
R203,79.255000mm,-74.500000mm,Bottom,90.000000
R204,79.255000mm,-71.300000mm,Bottom,90.000000
R205,71.755000mm,-71.300000mm,Bottom,90.000000
R300,102.805000mm,-86.250000mm,Bottom,90.000000
R301,102.805000mm,-82.750000mm,Bottom,90.000000
R302,92.205000mm,-86.250000mm,Bottom,90.000000
R303,101.255000mm,-74.500000mm,Bottom,90.000000
R304,101.255000mm,-71.300000mm,Bottom,90.000000
R305,93.755000mm,-71.300000mm,Bottom,90.000000
R400,124.805000mm,-86.250000mm,Bottom,90.000000
R401,124.805000mm,-82.750000mm,Bottom,90.000000
R402,114.205000mm,-86.250000mm,Bottom,90.000000
R403,123.255000mm,-74.500000mm,Bottom,90.000000
R404,123.255000mm,-71.300000mm,Bottom,90.000000
R405,115.755000mm,-71.300000mm,Bottom,90.000000
R500,146.805000mm,-86.250000mm,Bottom,90.000000
R501,146.805000mm,-82.750000mm,Bottom,90.000000
R502,136.205000mm,-86.250000mm,Bottom,90.000000
R503,145.255000mm,-74.500000mm,Bottom,90.000000
R504,145.255000mm,-71.300000mm,Bottom,90.000000
R505,137.755000mm,-71.300000mm,Bottom,90.000000
R600,105.000000mm,-60.000000mm,Bottom,90.000000
R601,103.000000mm,-60.000000mm,Bottom,90.000000
R602,107.000000mm,-60.000000mm,Bottom,-90.000000
R603,123.125000mm,-55.525000mm,Bottom,0.000000
R604,101.000000mm,-60.000000mm,Bottom,90.000000
R701,164.700000mm,-115.775000mm,Bottom,-90.000000
R702,165.200000mm,-118.250000mm,Bottom,0.000000
R900,151.500000mm,-72.000000mm,Bottom,-90.000000
R901,155.250000mm,-77.500000mm,Bottom,180.000000
R903,62.350000mm,-61.250000mm,Bottom,0.000000
R904,65.500000mm,-62.900000mm,Bottom,0.000000
R1102,148.450000mm,-116.450000mm,Bottom,0.000000
R1104,135.250000mm,-110.500000mm,Bottom,0.000000
R1105,138.400000mm,-110.500000mm,Bottom,0.000000
R1108,140.150000mm,-116.250000mm,Bottom,90.000000
R1200,106.000000mm,-105.000000mm,Bottom,180.000000
R1201,105.750000mm,-107.000000mm,Bottom,180.000000
R1202,105.750000mm,-112.750000mm,Bottom,180.000000
R1203,106.500000mm,-110.000000mm,Bottom,-90.000000
R1204,114.300000mm,-112.150000mm,Bottom,0.000000
R1302,76.750000mm,-108.000000mm,Bottom,90.000000
RS200,75.505000mm,-71.000000mm,Bottom,0.000000
RS300,97.505000mm,-71.000000mm,Bottom,0.000000
RS400,119.505000mm,-71.000000mm,Bottom,0.000000
RS500,141.505000mm,-71.000000mm,Bottom,0.000000
U100,69.000000mm,-98.000000mm,Bottom,0.000000
U200,75.505000mm,-88.000000mm,Bottom,0.000000
U201,75.505000mm,-74.500000mm,Bottom,0.000000
U300,97.505000mm,-88.000000mm,Bottom,0.000000
U301,97.505000mm,-74.500000mm,Bottom,0.000000
U400,119.505000mm,-88.000000mm,Bottom,0.000000
U401,119.505000mm,-74.500000mm,Bottom,0.000000
U500,141.505000mm,-88.000000mm,Bottom,0.000000
U501,141.505000mm,-74.500000mm,Bottom,0.000000
U600,95.000000mm,-55.250000mm,Bottom,180.000000
U601,117.750000mm,-56.500000mm,Bottom,0.000000
U701,158.500000mm,-115.250000mm,Bottom,0.000000
U1100,140.000000mm,-105.000000mm,Bottom,180.000000
U1200,111.000000mm,-105.000000mm,Bottom,0.000000
U1201,93.000000mm,-104.000000mm,Bottom,0.000000
U1300,82.000000mm,-106.000000mm,Bottom,0.000000
C700,107.725000mm,-68.420000mm,Top,180.000000
C800,108.637500mm,-107.750000mm,Top,180.000000
C801,111.387500mm,-105.000000mm,Top,90.000000
C802,95.400000mm,-106.950000mm,Top,-90.000000
C803,81.387500mm,-106.000000mm,Top,90.000000
C900,158.000000mm,-69.000000mm,Top,180.000000
C905,60.862000mm,-59.800000mm,Top,-90.000000
C1000,157.600000mm,-93.900000mm,Top,0.000000
C1001,153.500000mm,-105.000000mm,Top,180.000000
C1002,153.500000mm,-107.000000mm,Top,180.000000
C1100,136.400000mm,-101.600000mm,Top,90.000000
C1102,143.750000mm,-105.500000mm,Top,-90.000000
C1103,138.500000mm,-105.750000mm,Top,90.000000
C1107,144.200000mm,-100.900000mm,Top,0.000000
C1108,149.800000mm,-101.100000mm,Top,0.000000
C1109,147.200000mm,-98.400000mm,Top,0.000000
C1207,121.500000mm,-103.500000mm,Top,0.000000
C1208,127.000000mm,-103.500000mm,Top,0.000000
C1209,116.000000mm,-107.000000mm,Top,0.000000
C1210,121.500000mm,-107.000000mm,Top,0.000000
C1211,127.000000mm,-107.000000mm,Top,0.000000
D901,158.250000mm,-66.750000mm,Top,180.000000
D1000,154.000000mm,-101.500000mm,Top,90.000000
D1001,159.000000mm,-109.000000mm,Top,180.000000
D1002,154.000000mm,-109.000000mm,Top,180.000000
D1003,164.000000mm,-109.000000mm,Top,0.000000
D1300,85.550000mm,-116.750000mm,Top,90.000000
F1100,148.250000mm,-114.300000mm,Top,90.000000
J1000,159.000000mm,-115.210000mm,Top,0.000000
J1100,144.150000mm,-113.000000mm,Top,180.000000
JP200,75.025000mm,-61.000000mm,Top,0.000000
JP300,97.025000mm,-61.000000mm,Top,0.000000
JP400,119.025000mm,-61.000000mm,Top,0.000000
JP500,141.025000mm,-61.000000mm,Top,0.000000
JP1200,62.750000mm,-108.270000mm,Top,-90.000000
Q900,56.200000mm,-60.600000mm,Top,180.000000
Q1200,113.500000mm,-115.000000mm,Top,180.000000
Q1201,121.500000mm,-115.000000mm,Top,0.000000
Q1300,82.000000mm,-110.250000mm,Top,0.000000
R800,90.350000mm,-105.725000mm,Top,90.000000
R902,163.250000mm,-72.000000mm,Top,180.000000
R905,58.300000mm,-54.900000mm,Top,180.000000
R906,154.500000mm,-65.250000mm,Top,0.000000
R1000,158.750000mm,-96.500000mm,Top,-90.000000
R1001,163.500000mm,-104.500000mm,Top,90.000000
R1002,151.800000mm,-116.500000mm,Top,0.000000
R1003,148.000000mm,-104.750000mm,Top,90.000000
R1004,158.500000mm,-100.200000mm,Top,-90.000000
R1100,138.000000mm,-102.750000mm,Top,90.000000
R1101,134.500000mm,-104.500000mm,Top,90.000000
R1106,146.000000mm,-105.600000mm,Top,90.000000
R1107,151.350000mm,-110.200000mm,Top,90.000000
R1300,78.750000mm,-109.500000mm,Top,90.000000
R1301,86.400000mm,-109.500000mm,Top,-90.000000
R1303,85.550000mm,-113.675000mm,Top,-90.000000
RS700,148.250000mm,-109.600000mm,Top,90.000000
U700,108.750000mm,-65.500000mm,Top,90.000000
U800,108.500000mm,-105.000000mm,Top,0.000000
U801,93.000000mm,-107.000000mm,Top,0.000000
U802,79.000000mm,-106.000000mm,Top,0.000000
U900,158.000000mm,-72.000000mm,Top,180.000000
U901,62.000000mm,-56.500000mm,Top,180.000000
U1000,158.750000mm,-104.400000mm,Top,90.000000
