Ref,Val,Package,PosX,PosY,Rot,Side
C100,100n 50V,C_0603_1608Metric,69.000000,-95.000000,0.000000,bottom
C200,100n 50V,C_0603_1608Metric,70.205000,-90.000000,90.000000,bottom
C201,100n 50V,C_0603_1608Metric,80.805000,-90.000000,-90.000000,bottom
C202,1u 50V,C_0603_1608Metric,72.005000,-74.500000,90.000000,bottom
C203,22u 10V,C_0805_2012Metric,71.505000,-82.500000,180.000000,bottom
C204,100n 50V,C_0603_1608Metric,75.505000,-84.000000,180.000000,bottom
C300,100n 50V,C_0603_1608Metric,92.205000,-90.000000,90.000000,bottom
C301,100n 50V,C_0603_1608Metric,102.805000,-90.000000,-90.000000,bottom
C302,1u 50V,C_0603_1608Metric,94.005000,-74.500000,90.000000,bottom
C303,22u 10V,C_0805_2012Metric,93.505000,-82.500000,180.000000,bottom
C304,100n 50V,C_0603_1608Metric,97.505000,-84.000000,180.000000,bottom
C400,100n 50V,C_0603_1608Metric,114.205000,-90.000000,90.000000,bottom
C401,100n 50V,C_0603_1608Metric,124.805000,-90.000000,-90.000000,bottom
C402,1u 50V,C_0603_1608Metric,116.005000,-74.500000,90.000000,bottom
C403,22u 10V,C_0805_2012Metric,115.505000,-82.500000,180.000000,bottom
C404,100n 50V,C_0603_1608Metric,119.505000,-84.000000,180.000000,bottom
C500,100n 50V,C_0603_1608Metric,136.205000,-90.000000,90.000000,bottom
C501,100n 50V,C_0603_1608Metric,146.805000,-90.000000,-90.000000,bottom
C502,1u 50V,C_0603_1608Metric,138.005000,-74.500000,90.000000,bottom
C503,22u 10V,C_0805_2012Metric,137.505000,-82.500000,180.000000,bottom
C504,100n 50V,C_0603_1608Metric,141.505000,-84.000000,180.000000,bottom
C600,100n,C_0603_1608Metric,100.250000,-55.250000,90.000000,bottom
C601,100n 50V,C_0603_1608Metric,89.500000,-51.675000,180.000000,bottom
C602,100n 50V,C_0603_1608Metric,121.650000,-60.265000,180.000000,bottom
C701,1u,C_0603_1608Metric,108.775000,-64.200000,0.000000,bottom
C702,470n,C_0603_1608Metric,154.425000,-114.270000,180.000000,bottom
C703,1u 50V,C_0603_1608Metric,158.100000,-112.400000,0.000000,bottom
C901,1u,C_0603_1608Metric,158.000000,-75.750000,90.000000,bottom
C902,10u,C_0805_2012Metric,155.000000,-75.250000,180.000000,bottom
C903,10n,C_0603_1608Metric,153.500000,-72.000000,-90.000000,bottom
C904,100n,C_0603_1608Metric,64.675000,-65.250000,-90.000000,bottom
C1101,4.7u 10V,C_0805_2012Metric,145.000000,-108.500000,180.000000,bottom
C1104,10u 50V X7R,C_1206_3216Metric,146.500000,-100.000000,90.000000,bottom
C1105,10u 50V X7R,C_1206_3216Metric,149.500000,-100.000000,90.000000,bottom
C1106,100n 50V,C_0603_1608Metric,144.525001,-104.000000,0.000000,bottom
C1110,100n 50V,C_0603_1608Metric,141.750000,-101.250000,180.000000,bottom
C1111,10u 50V X7R,C_1206_3216Metric,134.500000,-96.250000,90.000000,bottom
C1112,10u 50V X7R,C_1206_3216Metric,131.500000,-96.250000,90.000000,bottom
C1113,10u 50V X7R,C_1206_3216Metric,128.500000,-96.250000,90.000000,bottom
C1114,10u 50V X7R,C_1206_3216Metric,125.500000,-96.250000,90.000000,bottom
C1115,10u 50V X7R,C_1206_3216Metric,122.500000,-96.250000,90.000000,bottom
C1116,100n 50V,C_0603_1608Metric,138.250000,-101.250000,0.000000,bottom
C1117,10u 50V X7R,C_1206_3216Metric,130.500000,-106.700000,0.000000,bottom
C1118,10u 50V X7R,C_1206_3216Metric,124.800000,-106.700000,0.000000,bottom
C1119,100n 50V,C_0603_1608Metric,135.000000,-103.125000,0.000000,bottom
C1200,3.3n 50V,C_0603_1608Metric,103.500000,-110.000000,90.000000,bottom
C1202,4.7u 16V,C_0603_1608Metric,108.500000,-109.000000,-90.000000,bottom
C1203,100n,C_0603_1608Metric,111.500000,-108.500000,180.000000,bottom
C1204,22u 10V,C_1206_3216Metric,104.250000,-99.000000,180.000000,bottom
C1205,100n 50V,C_0603_1608Metric,115.000000,-110.250000,180.000000,bottom
C1206,22u 10V,C_1206_3216Metric,116.000000,-103.500000,0.000000,bottom
C1212,10u,C_0805_2012Metric,89.250000,-104.250000,180.000000,bottom
C1213,22u,C_0805_2012Metric,101.000000,-104.250000,0.000000,bottom
C1300,100n 50V,C_0603_1608Metric,78.750000,-106.000000,-90.000000,bottom
C1301,1.5u 16V,C_0603_1608Metric,80.400000,-103.150000,180.000000,bottom
D200,SS34,D_SMA,77.505000,-79.000000,0.000000,bottom
D300,SS34,D_SMA,99.505000,-79.000000,0.000000,bottom
D400,SS34,D_SMA,121.505000,-79.000000,0.000000,bottom
D500,SS34,D_SMA,143.505000,-79.000000,0.000000,bottom
D900,PESD5V0S1BA,D_SOD-323,62.350000,-58.950000,180.000000,bottom
D902,PESD5V0S1BA,D_SOD-323,61.600000,-115.600000,90.000000,bottom
D903,PESD5V0S1BA,D_SOD-323,150.520000,-58.900000,0.000000,bottom
D1200,SS34,D_SMA,100.500000,-111.000000,90.000000,bottom
F100,PTC 100mA,Fuse_1206_3216Metric,69.000000,-102.750000,90.000000,bottom
J100,P4 JP1 - 26 pin IDC,IDC-Header_2x13_P2.54mm_Vertical,58.540000,-68.000000,180.000000,bottom
J101,C6 service - 3V3 sense only,PinHeader_1x06_P2.54mm_Vertical,73.750000,-55.000000,-90.000000,bottom
J102,3V3 I2C accessory,JST_GH_BM04B-GHS-TBT_1x04-1MP_P1.25mm_Vertical,86.000000,-113.000000,180.000000,bottom
J201,GPIO breakout - SD/strap restrictions,PinHeader_2x05_P2.54mm_Vertical,70.425000,-65.460000,-90.000000,bottom
J301,GPIO breakout - SD/strap restrictions,PinHeader_2x05_P2.54mm_Vertical,92.425000,-65.460000,-90.000000,bottom
J401,GPIO breakout - SD/strap restrictions,PinHeader_2x05_P2.54mm_Vertical,114.425000,-65.460000,-90.000000,bottom
J501,GPIO breakout - SD/strap restrictions,PinHeader_2x05_P2.54mm_Vertical,136.425000,-65.460000,-90.000000,bottom
J800,3V PRIMARY RTC BACKUP,JST_GH_BM02B-GHS-TBT_1x02-1MP_P1.25mm_Vertical,94.500000,-113.000000,180.000000,bottom
J900,HAPTIC MOTOR,JST_GH_BM02B-GHS-TBT_1x02-1MP_P1.25mm_Vertical,160.000000,-58.000000,180.000000,bottom
J901,COVER HALL SENSOR,JST_GH_BM03B-GHS-TBT_1x03-1MP_P1.25mm_Vertical,160.000000,-68.000000,180.000000,bottom
J902,LOCAL SHUTTER,JST_GH_BM02B-GHS-TBT_1x02-1MP_P1.25mm_Vertical,57.000000,-114.250000,180.000000,bottom
J903,REMOTE DRY CONTACT,JST_GH_BM02B-GHS-TBT_1x02-1MP_P1.25mm_Vertical,57.000000,-57.000000,180.000000,bottom
J904,FUNCTION BUTTON,JST_GH_BM02B-GHS-TBT_1x02-1MP_P1.25mm_Vertical,150.250000,-54.500000,180.000000,bottom
J1300,POWER PUSHBUTTON,JST_GH_BM02B-GHS-TBT_1x02-1MP_P1.25mm_Vertical,76.000000,-113.000000,180.000000,bottom
L1100,1.0uH 14.1A Isat,L_TDK_SPM6530,140.000000,-96.000000,180.000000,bottom
L1200,2.2uH 19.6A Isat,L_Coilcraft_XAL7070-XXX,111.000000,-98.000000,0.000000,bottom
L1201,2.2uH 1.5A,L_Taiyo-Yuden_NR-30xx,97.000000,-104.250000,0.000000,bottom
Q1000,AO4409,SOIC-8_3.9x4.9mm_P1.27mm,159.000000,-94.000000,90.000000,bottom
Q1001,AO4409,SOIC-8_3.9x4.9mm_P1.27mm,159.000000,-85.000000,-90.000000,bottom
Q1202,PMV16UN,SOT-23,107.250000,-116.250000,0.000000,bottom
R100,2.2k,R_0603_1608Metric,66.500000,-102.000000,-90.000000,bottom
R101,22k,R_0603_1608Metric,71.500000,-102.000000,90.000000,bottom
R102,4.7k,R_0603_1608Metric,64.050000,-99.000000,0.000000,bottom
R103,4.7k,R_0603_1608Metric,73.500000,-99.000000,90.000000,bottom
R104,100k,R_0603_1608Metric,65.500000,-95.000000,180.000000,bottom
R105,100k,R_0603_1608Metric,64.175000,-104.000000,180.000000,bottom
R200,33,R_0603_1608Metric,80.805000,-86.250000,90.000000,bottom
R201,33,R_0603_1608Metric,80.805000,-82.750000,90.000000,bottom
R202,33,R_0603_1608Metric,70.205000,-86.250000,90.000000,bottom
R203,25.5k 1%,R_0603_1608Metric,79.255000,-74.500000,90.000000,bottom
R204,10k,R_0603_1608Metric,79.255000,-71.300000,90.000000,bottom
R205,100k,R_0603_1608Metric,71.755000,-71.300000,90.000000,bottom
R300,33,R_0603_1608Metric,102.805000,-86.250000,90.000000,bottom
R301,33,R_0603_1608Metric,102.805000,-82.750000,90.000000,bottom
R302,33,R_0603_1608Metric,92.205000,-86.250000,90.000000,bottom
R303,25.5k 1%,R_0603_1608Metric,101.255000,-74.500000,90.000000,bottom
R304,10k,R_0603_1608Metric,101.255000,-71.300000,90.000000,bottom
R305,100k,R_0603_1608Metric,93.755000,-71.300000,90.000000,bottom
R400,33,R_0603_1608Metric,124.805000,-86.250000,90.000000,bottom
R401,33,R_0603_1608Metric,124.805000,-82.750000,90.000000,bottom
R402,33,R_0603_1608Metric,114.205000,-86.250000,90.000000,bottom
R403,25.5k 1%,R_0603_1608Metric,123.255000,-74.500000,90.000000,bottom
R404,10k,R_0603_1608Metric,123.255000,-71.300000,90.000000,bottom
R405,100k,R_0603_1608Metric,115.755000,-71.300000,90.000000,bottom
R500,33,R_0603_1608Metric,146.805000,-86.250000,90.000000,bottom
R501,33,R_0603_1608Metric,146.805000,-82.750000,90.000000,bottom
R502,33,R_0603_1608Metric,136.205000,-86.250000,90.000000,bottom
R503,25.5k 1%,R_0603_1608Metric,145.255000,-74.500000,90.000000,bottom
R504,10k,R_0603_1608Metric,145.255000,-71.300000,90.000000,bottom
R505,100k,R_0603_1608Metric,137.755000,-71.300000,90.000000,bottom
R600,10k,R_0603_1608Metric,105.000000,-60.000000,90.000000,bottom
R601,100k,R_0603_1608Metric,103.000000,-60.000000,90.000000,bottom
R602,100k,R_0603_1608Metric,107.000000,-60.000000,-90.000000,bottom
R603,100k,R_0603_1608Metric,123.125000,-55.525000,0.000000,bottom
R604,100k,R_0603_1608Metric,101.000000,-60.000000,90.000000,bottom
R701,10k,R_0603_1608Metric,164.700000,-115.775000,-90.000000,bottom
R702,10k,R_0603_1608Metric,165.200000,-118.250000,0.000000,bottom
R900,100k,R_0603_1608Metric,151.500000,-72.000000,-90.000000,bottom
R901,1k,R_0603_1608Metric,155.250000,-77.500000,180.000000,bottom
R903,10k,R_0603_1608Metric,62.350000,-61.250000,0.000000,bottom
R904,47k,R_0603_1608Metric,65.500000,-62.900000,0.000000,bottom
R1102,100k,R_0603_1608Metric,148.450000,-116.450000,0.000000,bottom
R1104,30.1k 1%,R_0603_1608Metric,135.250000,-110.500000,0.000000,bottom
R1105,10k 1%,R_0603_1608Metric,138.400000,-110.500000,0.000000,bottom
R1108,0,R_0603_1608Metric,140.150000,-116.250000,90.000000,bottom
R1200,110k 0.1%,R_0603_1608Metric,106.000000,-105.000000,180.000000,bottom
R1201,15k 0.1%,R_0603_1608Metric,105.750000,-107.000000,180.000000,bottom
R1202,20.5k 1%,R_0603_1608Metric,105.750000,-112.750000,180.000000,bottom
R1203,100k,R_0603_1608Metric,106.500000,-110.000000,-90.000000,bottom
R1204,100k,R_0603_1608Metric,114.300000,-112.150000,0.000000,bottom
R1302,10k,R_0603_1608Metric,76.750000,-108.000000,90.000000,bottom
RS200,0.020 1% 1W,R_1206_3216Metric,75.505000,-71.000000,0.000000,bottom
RS300,0.020 1% 1W,R_1206_3216Metric,97.505000,-71.000000,0.000000,bottom
RS400,0.020 1% 1W,R_1206_3216Metric,119.505000,-71.000000,0.000000,bottom
RS500,0.020 1% 1W,R_1206_3216Metric,141.505000,-71.000000,0.000000,bottom
U100,TCA9517ADGKR,VSSOP-8_3x3mm_P0.65mm,69.000000,-98.000000,0.000000,bottom
U200,TXU0304PWR,TSSOP-14_4.4x5mm_P0.65mm,75.505000,-88.000000,0.000000,bottom
U201,TPS2553DBVR,SOT-23-6,75.505000,-74.500000,0.000000,bottom
U300,TXU0304PWR,TSSOP-14_4.4x5mm_P0.65mm,97.505000,-88.000000,0.000000,bottom
U301,TPS2553DBVR,SOT-23-6,97.505000,-74.500000,0.000000,bottom
U400,TXU0304PWR,TSSOP-14_4.4x5mm_P0.65mm,119.505000,-88.000000,0.000000,bottom
U401,TPS2553DBVR,SOT-23-6,119.505000,-74.500000,0.000000,bottom
U500,TXU0304PWR,TSSOP-14_4.4x5mm_P0.65mm,141.505000,-88.000000,0.000000,bottom
U501,TPS2553DBVR,SOT-23-6,141.505000,-74.500000,0.000000,bottom
U600,TCA9539PWR,TSSOP-24_4.4x7.8mm_P0.65mm,95.000000,-55.250000,180.000000,bottom
U601,SN74LVC08APWR,TSSOP-14_4.4x5mm_P0.65mm,117.750000,-56.500000,0.000000,bottom
U701,BQ27441DRZR-G1A,Texas_S-PDSO-N12,158.500000,-115.250000,0.000000,bottom
U1100,BQ25798RQMR,Texas_RQM0029A_VQFN-29_4x4mm_P0.4mm,140.000000,-105.000000,180.000000,bottom
U1200,TPS61288LRQQR,TPS61288_RQQ0011A_DRAFT,111.000000,-105.000000,0.000000,bottom
U1201,TPS62162DSGR,Texas_DSG0008A_WSON-8-1EP_2x2mm_P0.5mm_EP0.9x1.6mm_ThermalVias,93.000000,-104.000000,0.000000,bottom
U1300,LTC2955ITS8-1,TSOT-23-8,82.000000,-106.000000,0.000000,bottom
C700,100n 50V,C_0603_1608Metric,107.725000,-68.420000,180.000000,top
C800,100n 50V,C_0603_1608Metric,108.637500,-107.750000,180.000000,top
C801,100n 50V,C_0603_1608Metric,111.387500,-105.000000,90.000000,top
C802,100n 50V,C_0603_1608Metric,95.400000,-106.950000,-90.000000,top
C803,100n 50V,C_0603_1608Metric,81.387500,-106.000000,90.000000,top
C900,1u,C_0603_1608Metric,158.000000,-69.000000,180.000000,top
C905,100n 50V,C_0603_1608Metric,60.862000,-59.800000,-90.000000,top
C1000,1u 50V,C_0805_2012Metric,157.600000,-93.900000,0.000000,top
C1001,1u,C_0603_1608Metric,153.500000,-105.000000,180.000000,top
C1002,1u,C_0603_1608Metric,153.500000,-107.000000,180.000000,top
C1100,1n 50V,C_0603_1608Metric,136.400000,-101.600000,90.000000,top
C1102,47n 16V,C_0603_1608Metric,143.750000,-105.500000,-90.000000,top
C1103,47n 16V,C_0603_1608Metric,138.500000,-105.750000,90.000000,top
C1107,10u 50V X7R,C_1206_3216Metric,144.200000,-100.900000,0.000000,top
C1108,10u 50V X7R,C_1206_3216Metric,149.800000,-101.100000,0.000000,top
C1109,10u 50V X7R,C_1206_3216Metric,147.200000,-98.400000,0.000000,top
C1207,22u 10V,C_1206_3216Metric,121.500000,-103.500000,0.000000,top
C1208,22u 10V,C_1206_3216Metric,127.000000,-103.500000,0.000000,top
C1209,22u 10V,C_1206_3216Metric,116.000000,-107.000000,0.000000,top
C1210,22u 10V,C_1206_3216Metric,121.500000,-107.000000,0.000000,top
C1211,22u 10V,C_1206_3216Metric,127.000000,-107.000000,0.000000,top
D901,PESD5V0S1BA,D_SOD-323,158.250000,-66.750000,180.000000,top
D1000,BZT52C10,D_SOD-123,154.000000,-101.500000,90.000000,top
D1001,SMF22A,D_SOD-123F,159.000000,-109.000000,180.000000,top
D1002,PESD24VL1BA,D_SOD-323,154.000000,-109.000000,180.000000,top
D1003,PESD24VL1BA,D_SOD-323,164.000000,-109.000000,0.000000,top
D1300,LED GREEN,LED_0603_1608Metric,85.550000,-116.750000,90.000000,top
F1100,7A fast 1206,Fuse_1206_3216Metric,148.250000,-114.300000,90.000000,top
J1000,USB4105-GF-A,USB_C_GCT_USB4105_KINO_GND0.05,159.000000,-115.210000,0.000000,top
J1100,PROTECTED 1S PACK / NTC,JST_VH_B3P-VH_1x03_P3.96mm_Vertical,144.150000,-113.000000,180.000000,top
JP200,0R LINK - REMOVE FOR NODE USB,R_1206_3216Metric_Vishay_CRCW-HP,75.025000,-61.000000,0.000000,top
JP300,0R LINK - REMOVE FOR NODE USB,R_1206_3216Metric_Vishay_CRCW-HP,97.025000,-61.000000,0.000000,top
JP400,0R LINK - REMOVE FOR NODE USB,R_1206_3216Metric_Vishay_CRCW-HP,119.025000,-61.000000,0.000000,top
JP500,0R LINK - REMOVE FOR NODE USB,R_1206_3216Metric_Vishay_CRCW-HP,141.025000,-61.000000,0.000000,top
JP1200,0R LINK - REMOVE FOR P4 USB SERVICE,R_1206_3216Metric_Vishay_CRCW-HP,62.750000,-108.270000,-90.000000,top
Q900,2N7002,SOT-23,56.200000,-60.600000,180.000000,top
Q1200,AO4409,SOIC-8_3.9x4.9mm_P1.27mm,113.500000,-115.000000,180.000000,top
Q1201,AO4409,SOIC-8_3.9x4.9mm_P1.27mm,121.500000,-115.000000,0.000000,top
Q1300,2N7002,SOT-23,82.000000,-110.250000,0.000000,top
R800,10k,R_0603_1608Metric,90.350000,-105.725000,90.000000,top
R902,10k,R_0603_1608Metric,163.250000,-72.000000,180.000000,top
R905,100k,R_0603_1608Metric,58.300000,-54.900000,180.000000,top
R906,10k,R_0603_1608Metric,154.500000,-65.250000,0.000000,top
R1000,100k,R_0603_1608Metric,158.750000,-96.500000,-90.000000,top
R1001,470,R_0603_1608Metric,163.500000,-104.500000,90.000000,top
R1002,1k,R_0603_1608Metric,151.800000,-116.500000,0.000000,top
R1003,100k,R_0603_1608Metric,148.000000,-104.750000,90.000000,top
R1004,10k,R_0603_1608Metric,158.500000,-100.200000,-90.000000,top
R1100,3.00k 1%,R_0603_1608Metric,138.000000,-102.750000,90.000000,top
R1101,100,R_0603_1608Metric,134.500000,-104.500000,90.000000,top
R1106,5.23k 1%,R_0603_1608Metric,146.000000,-105.600000,90.000000,top
R1107,30.1k 1%,R_0603_1608Metric,151.350000,-110.200000,90.000000,top
R1300,100k,R_0603_1608Metric,78.750000,-109.500000,90.000000,top
R1301,100k,R_0603_1608Metric,86.400000,-109.500000,-90.000000,top
R1303,2.2k,R_0603_1608Metric,85.550000,-113.675000,-90.000000,top
RS700,0.005 1% 1W,R_1206_3216Metric,148.250000,-109.600000,90.000000,top
U700,PAC1954T-E/4MX,VQFN-16-1EP_3x3mm_P0.5mm_EP1.1x1.1mm_Pin1Corner,108.750000,-65.500000,90.000000,top
U800,LSM6DSOXTR,LGA-14_3x2.5mm_P0.5mm_LayoutBorder3x4y,108.500000,-105.000000,0.000000,top
U801,RV-3028-C7,MicroCrystal_C7_SON-8_1.5x3.2mm_P0.9mm,93.000000,-107.000000,0.000000,top
U802,TMP117AIDRVR,WSON-6-1EP_2x2mm_P0.65mm_EP1x1.6mm,79.000000,-106.000000,0.000000,top
U900,DRV2605LDGSR,TSSOP-10_3x3mm_P0.5mm,158.000000,-72.000000,180.000000,top
U901,SN74LVC1G14DBVR,SOT-23-5,62.000000,-56.500000,180.000000,top
U1000,STUSB4500QTR,QFN-24-1EP_4x4mm_P0.5mm_EP2.7x2.7mm,158.750000,-104.400000,90.000000,top
